{"cameraMode":{"drawMode":0,"name":"Shaded","section":"Shading Mode"},"sceneLighting":true,"audioPlay":false,"sceneViewState":{"showFog":false,"showMaterialUpdate":false,"showSkybox":false,"showFlares":false,"showImageEffects":false,"showParticleSystems":false},"in2DMode":false,"pivot":{"x":63.08094024658203,"y":1.3802289962768555,"z":453.6522521972656},"rotation":{"x":0.03785744309425354,"y":0.8930911421775818,"z":-0.07654594630002976,"w":0.4416981339454651},"size":93.75006866455078,"orthographic":false}